alpha,case,role,threads,tickets,n,ready_mean,ready_std,ready_min,ready_max,effective_mean,effective_std,effective_min,effective_max,run_ticks_mean,run_ticks_std,run_ticks_min,run_ticks_max,work_mean,work_std,work_min,work_max,jobs_mean,jobs_std,jobs_min,jobs_max,miss_mean,miss_std,miss_min,miss_max,miss_rate_mean,miss_rate_std,miss_rate_min,miss_rate_max,tick_share_mean,tick_share_std,tick_share_min,tick_share_max,work_share_mean,work_share_std,work_share_min,work_share_max,effective_share_mean,effective_share_std,effective_share_min,effective_share_max
0,1_14_8,ai,14,100,3,14.0,0.0,14.0,14.0,100.0,0.0,100.0,100.0,197.33333333333334,2.0548046676563256,195.0,200.0,34696.333333333336,1034.2547504792467,33582.0,36074.0,0.0,0.0,0.0,0.0,0.0,0.0,0.0,0.0,0.0,0.0,0.0,0.0,0.30281555197446747,0.0033565363856358794,0.299079754601227,0.30721966205837176,0.6590787067266471,0.005031817946323546,0.6541544264316541,0.6659897102626591,0.2222222222222222,0.0,0.2222222222222222,0.2222222222222222
0,1_14_8,control,1,300,3,1.0,0.0,1.0,1.0,300.0,0.0,300.0,300.0,363.3333333333333,4.189935029992179,359.0,369.0,0.0,0.0,0.0,0.0,150.0,0.0,150.0,150.0,0.0,0.0,0.0,0.0,0.0,0.0,0.0,0.0,0.5575416458555188,0.0061407239770047755,0.5514592933947773,0.5659509202453987,0.0,0.0,0.0,0.0,0.6666666666666666,0.0,0.6666666666666666,0.6666666666666666
0,1_14_8,logger,8,50,3,8.0,0.0,8.0,8.0,50.0,0.0,50.0,50.0,91.0,2.160246899469287,88.0,93.0,17955.333333333332,796.4891015506043,17269.0,19072.0,0.0,0.0,0.0,0.0,0.0,0.0,0.0,0.0,0.0,0.0,0.0,0.0,0.13964280217001374,0.003348099732083917,0.13496932515337423,0.14263803680981596,0.34092129327335285,0.0050318179463235205,0.3340102897373409,0.34584557356834583,0.1111111111111111,0.0,0.1111111111111111,0.1111111111111111
0,1_25_9,ai,25,100,3,25.0,0.0,25.0,25.0,100.0,0.0,100.0,100.0,192.66666666666666,3.858612300930075,189.0,198.0,34010.333333333336,1675.3788294658084,32153.0,36213.0,0.0,0.0,0.0,0.0,0.0,0.0,0.0,0.0,0.0,0.0,0.0,0.0,0.297810434083534,0.007055373836065885,0.2907692307692308,0.30745341614906835,0.6604193506994726,0.006911476124852286,0.6543541526751735,0.6700899300544021,0.2222222222222222,0.0,0.2222222222222222,0.2222222222222222
0,1_25_9,control,1,300,3,1.0,0.0,1.0,1.0,300.0,0.0,300.0,300.0,368.6666666666667,5.734883511361751,362.0,376.0,0.0,0.0,0.0,0.0,150.0,0.0,150.0,150.0,0.0,0.0,0.0,0.0,0.0,0.0,0.0,0.0,0.569803129245371,0.00818704776937778,0.562111801242236,0.5811437403400309,0.0,0.0,0.0,0.0,0.6666666666666666,0.0,0.6666666666666666,0.6666666666666666
0,1_25_9,logger,9,50,3,9.0,0.0,9.0,9.0,50.0,0.0,50.0,50.0,85.66666666666667,5.436502143433364,80.0,93.0,17467.666666666668,355.6499527469235,16984.0,17829.0,0.0,0.0,0.0,0.0,0.0,0.0,0.0,0.0,0.0,0.0,0.0,0.0,0.13238643667109495,0.008051141614682828,0.12364760432766615,0.14307692307692307,0.33958064930052745,0.006911476124852312,0.32991006994559785,0.3456458473248265,0.1111111111111111,0.0,0.1111111111111111,0.1111111111111111
0,1_5_2,ai,5,100,3,5.0,0.0,5.0,5.0,100.0,0.0,100.0,100.0,191.66666666666666,6.236095644623235,185.0,200.0,32146.666666666668,3934.6288544438626,26599.0,35294.0,0.0,0.0,0.0,0.0,0.0,0.0,0.0,0.0,0.0,0.0,0.0,0.0,0.2929126689544086,0.009327625055102656,0.28287461773700306,0.3053435114503817,0.6648586354702676,0.00806225276358556,0.659059937064843,0.6762598198888676,0.2222222222222222,0.0,0.2222222222222222,0.2222222222222222
0,1_5_2,control,1,300,3,1.0,0.0,1.0,1.0,300.0,0.0,300.0,300.0,367.6666666666667,4.642796092394707,363.0,374.0,0.0,0.0,0.0,0.0,150.0,0.0,150.0,150.0,0.3333333333333333,0.4714045207910317,0.0,1.0,0.0022222222222222222,0.003142696805273545,0.0,0.006666666666666667,0.5618989814101517,0.007388340759576073,0.5541984732824428,0.5718654434250765,0.0,0.0,0.0,0.0,0.6666666666666666,0.0,0.6666666666666666,0.6666666666666666
0,1_5_2,logger,2,50,3,2.0,0.0,2.0,2.0,50.0,0.0,50.0,50.0,95.0,5.715476066494082,90.0,103.0,16170.666666666666,1749.0731513830085,13760.0,17856.0,0.0,0.0,0.0,0.0,0.0,0.0,0.0,0.0,0.0,0.0,0.0,0.0,0.14518834963543978,0.008777340016065682,0.13761467889908258,0.15749235474006115,0.3351413645297324,0.008062252763585508,0.3237401801111324,0.34094006293515694,0.1111111111111111,0.0,0.1111111111111111,0.1111111111111111
0,1_7_3,ai,7,100,3,7.0,0.0,7.0,7.0,100.0,0.0,100.0,100.0,198.33333333333334,7.542472332656507,193.0,209.0,32307.666666666668,1900.8963382806778,29622.0,33753.0,0.0,0.0,0.0,0.0,0.0,0.0,0.0,0.0,0.0,0.0,0.0,0.0,0.3034135413105646,0.011439059252713862,0.29465648854961835,0.3195718654434251,0.6520211141747271,0.005993926272364352,0.644063891875288,0.658530078698146,0.2222222222222222,0.0,0.2222222222222222,0.2222222222222222
0,1_7_3,control,1,300,3,1.0,0.0,1.0,1.0,300.0,0.0,300.0,300.0,372.0,2.160246899469287,369.0,374.0,0.0,0.0,0.0,0.0,150.0,0.0,150.0,150.0,0.0,0.0,0.0,0.0,0.0,0.0,0.0,0.0,0.5690940041751457,0.002428852395235684,0.5659509202453987,0.5718654434250765,0.0,0.0,0.0,0.0,0.6666666666666666,0.0,0.6666666666666666,0.6666666666666666
0,1_7_3,logger,3,50,3,3.0,0.0,3.0,3.0,50.0,0.0,50.0,50.0,83.33333333333333,8.73053390247253,71.0,90.0,17266.333333333332,1373.1473174993116,15360.0,18540.0,0.0,0.0,0.0,0.0,0.0,0.0,0.0,0.0,0.0,0.0,0.0,0.0,0.12749245451428975,0.013414351011053021,0.10856269113149847,0.13803680981595093,0.3479788858252729,0.00599392627236438,0.34146992130185405,0.35593610812471205,0.1111111111111111,0.0,0.1111111111111111,0.1111111111111111
0,1_9_4,ai,9,100,3,9.0,0.0,9.0,9.0,100.0,0.0,100.0,100.0,192.66666666666666,3.858612300930075,189.0,198.0,32917.0,2708.00627768844,29103.0,35124.0,0.0,0.0,0.0,0.0,0.0,0.0,0.0,0.0,0.0,0.0,0.0,0.0,0.2951964662075618,0.0057705244507293245,0.2898773006134969,0.30321592649310875,0.6676240024736393,0.00211532039173136,0.6650746132224228,0.6702541790702999,0.2222222222222222,0.0,0.2222222222222222,0.2222222222222222
0,1_9_4,control,1,300,3,1.0,0.0,1.0,1.0,300.0,0.0,300.0,300.0,365.3333333333333,7.408703590297622,355.0,372.0,0.0,0.0,0.0,0.0,150.0,0.0,150.0,150.0,0.0,0.0,0.0,0.0,0.0,0.0,0.0,0.0,0.5597580147627592,0.011494993723741534,0.5436447166921899,0.5696784073506891,0.0,0.0,0.0,0.0,0.6666666666666666,0.0,0.6666666666666666,0.6666666666666666
0,1_9_4,logger,4,50,3,4.0,0.0,4.0,4.0,50.0,0.0,50.0,50.0,94.66666666666667,4.109609335312651,90.0,100.0,16376.666666666666,1217.2015262706318,14656.0,17280.0,0.0,0.0,0.0,0.0,0.0,0.0,0.0,0.0,0.0,0.0,0.0,0.0,0.14504551902967897,0.006282341525191377,0.13782542113323124,0.15313935681470137,0.33237599752636066,0.0021153203917313613,0.3297458209297,0.33492538677757716,0.1111111111111111,0.0,0.1111111111111111,0.1111111111111111
25,1_14_8,ai,14,100,3,14.0,0.0,14.0,14.0,100.0,0.0,100.0,100.0,199.33333333333334,4.988876515698588,194.0,206.0,34716.0,981.2668682201935,33623.0,36003.0,0.0,0.0,0.0,0.0,0.0,0.0,0.0,0.0,0.0,0.0,0.0,0.0,0.30681995970131565,0.007512658135388203,0.29892141756548535,0.3169230769230769,0.653465427547722,0.0019963516190093537,0.6507131659925297,0.6553864637565078,0.2222222222222222,0.0,0.2222222222222222,0.2222222222222222
25,1_14_8,control,1,300,3,1.0,0.0,1.0,1.0,300.0,0.0,300.0,300.0,367.3333333333333,2.6246692913372702,365.0,371.0,0.0,0.0,0.0,0.0,150.0,0.0,150.0,150.0,0.0,0.0,0.0,0.0,0.0,0.0,0.0,0.0,0.5654213583027142,0.004447955617434393,0.5615384615384615,0.5716486902927581,0.0,0.0,0.0,0.0,0.6666666666666666,0.0,0.6666666666666666,0.6666666666666666
25,1_14_8,logger,8,50,3,8.0,0.0,8.0,8.0,50.0,0.0,50.0,50.0,83.0,2.943920288775949,79.0,86.0,18406.333333333332,379.18538415339214,18048.0,18931.0,0.0,0.0,0.0,0.0,0.0,0.0,0.0,0.0,0.0,0.0,0.0,0.0,0.12775868199597012,0.004552566335139725,0.12153846153846154,0.13230769230769232,0.34653457245227803,0.001996351619009405,0.34461353624349217,0.34928683400747035,0.1111111111111111,0.0,0.1111111111111111,0.1111111111111111
25,1_25_9,ai,25,100,3,25.0,0.0,25.0,25.0,200.0,0.0,200.0,200.0,229.66666666666666,3.2998316455372216,226.0,234.0,46014.0,2667.683639414539,42566.0,49064.0,0.0,0.0,0.0,0.0,0.0,0.0,0.0,0.0,0.0,0.0,0.0,0.0,0.35459832083484516,0.004454152580378719,0.3498452012383901,0.3605546995377504,0.8098288641681747,0.0017235797367565813,0.8076580080830313,0.811874307083878,0.36363636363636365,0.0,0.36363636363636365,0.36363636363636365
25,1_25_9,control,1,300,3,1.0,0.0,1.0,1.0,300.0,0.0,300.0,300.0,347.3333333333333,5.2493385826745405,340.0,352.0,0.0,0.0,0.0,0.0,150.0,0.0,150.0,150.0,0.3333333333333333,0.4714045207910317,0.0,1.0,0.0022222222222222222,0.003142696805273545,0.0,0.006666666666666667,0.5362961463140459,0.008796460326462167,0.5238828967642527,0.5432098765432098,0.0,0.0,0.0,0.0,0.5454545454545454,0.0,0.5454545454545454,0.5454545454545454
25,1_25_9,logger,9,50,3,9.0,0.0,9.0,9.0,50.0,0.0,50.0,50.0,70.66666666666667,3.2998316455372216,67.0,75.0,10798.666666666666,507.09126945309913,10137.0,11369.0,0.0,0.0,0.0,0.0,0.0,0.0,0.0,0.0,0.0,0.0,0.0,0.0,0.109105532851109,0.004995256887788252,0.10339506172839506,0.11556240369799692,0.19017113583182532,0.0017235797367566045,0.188125692916122,0.19234199191696869,0.09090909090909091,0.0,0.09090909090909091,0.09090909090909091
25,1_5_2,ai,5,100,3,5.0,0.0,5.0,5.0,100.0,0.0,100.0,100.0,191.0,8.04155872120988,183.0,202.0,32315.666666666668,3996.3605387346565,26680.0,35502.0,0.0,0.0,0.0,0.0,0.0,0.0,0.0,0.0,0.0,0.0,0.0,0.0,0.2916030534351145,0.012277188887343317,0.27938931297709924,0.3083969465648855,0.6644387945680711,0.010753014663388086,0.6505304915701428,0.6767183866417598,0.2222222222222222,0.0,0.2222222222222222,0.2222222222222222
25,1_5_2,control,1,300,3,1.0,0.0,1.0,1.0,300.0,0.0,300.0,300.0,373.3333333333333,1.699673171197595,371.0,375.0,0.0,0.0,0.0,0.0,150.0,0.0,150.0,150.0,0.0,0.0,0.0,0.0,0.0,0.0,0.0,0.0,0.5699745547073791,0.0025949208720573765,0.566412213740458,0.5725190839694656,0.0,0.0,0.0,0.0,0.6666666666666666,0.0,0.6666666666666666,0.6666666666666666
25,1_5_2,logger,2,50,3,2.0,0.0,2.0,2.0,50.0,0.0,50.0,50.0,90.66666666666667,9.030811456096044,79.0,101.0,16337.333333333334,2208.0587753851923,13376.0,18676.0,0.0,0.0,0.0,0.0,0.0,0.0,0.0,0.0,0.0,0.0,0.0,0.0,0.13842239185750635,0.013787498406253502,0.12061068702290076,0.15419847328244274,0.3355612054319289,0.010753014663388086,0.32328161335824024,0.34946950842985725,0.1111111111111111,0.0,0.1111111111111111,0.1111111111111111
25,1_7_3,ai,7,100,3,7.0,0.0,7.0,7.0,100.0,0.0,100.0,100.0,180.33333333333334,5.792715732327589,174.0,188.0,29782.666666666668,4428.576395286514,23626.0,33856.0,0.0,0.0,0.0,0.0,0.0,0.0,0.0,0.0,0.0,0.0,0.0,0.0,0.27573904179408765,0.008857363505088041,0.26605504587155965,0.2874617737003058,0.680824527083984,0.0020327165991555467,0.6780577070388969,0.682883537052725,0.2222222222222222,0.0,0.2222222222222222,0.2222222222222222
25,1_7_3,control,1,300,3,1.0,0.0,1.0,1.0,300.0,0.0,300.0,300.0,367.3333333333333,5.185449728701348,360.0,371.0,0.0,0.0,0.0,0.0,150.0,0.0,150.0,150.0,0.0,0.0,0.0,0.0,0.0,0.0,0.0,0.0,0.5616717635066258,0.007928822215139646,0.5504587155963303,0.5672782874617737,0.0,0.0,0.0,0.0,0.6666666666666666,0.0,0.6666666666666666,0.6666666666666666
25,1_7_3,logger,3,50,3,3.0,0.0,3.0,3.0,50.0,0.0,50.0,50.0,106.33333333333333,2.0548046676563256,104.0,109.0,13964.0,2081.6576727854817,11040.0,15722.0,0.0,0.0,0.0,0.0,0.0,0.0,0.0,0.0,0.0,0.0,0.0,0.0,0.16258919469928643,0.003141903161554011,0.15902140672782875,0.16666666666666666,0.319175472916016,0.0020327165991555216,0.317116462947275,0.32194229296110305,0.1111111111111111,0.0,0.1111111111111111,0.1111111111111111
25,1_9_4,ai,9,100,3,9.0,0.0,9.0,9.0,100.0,0.0,100.0,100.0,198.0,9.41629792788369,189.0,211.0,31493.333333333332,1653.5356731024044,29768.0,33723.0,0.0,0.0,0.0,0.0,0.0,0.0,0.0,0.0,0.0,0.0,0.0,0.0,0.30290371577585146,0.014335140845875978,0.2889908256880734,0.32262996941896027,0.6577790062508446,0.01015857403932362,0.6467227182862978,0.6712515704197894,0.2222222222222222,0.0,0.2222222222222222,0.2222222222222222
25,1_9_4,control,1,300,3,1.0,0.0,1.0,1.0,300.0,0.0,300.0,300.0,366.0,5.0990195135927845,361.0,373.0,0.0,0.0,0.0,0.0,150.0,0.0,150.0,150.0,0.0,0.0,0.0,0.0,0.0,0.0,0.0,0.0,0.5599241640167781,0.008196938459845229,0.5519877675840978,0.5712098009188361,0.0,0.0,0.0,0.0,0.6666666666666666,0.0,0.6666666666666666,0.6666666666666666
25,1_9_4,logger,4,50,3,4.0,0.0,4.0,4.0,50.0,0.0,50.0,50.0,89.66666666666667,8.178562764256865,82.0,101.0,16390.666666666668,1047.9097713490837,15177.0,17734.0,0.0,0.0,0.0,0.0,0.0,0.0,0.0,0.0,0.0,0.0,0.0,0.0,0.13717212020737035,0.012475678471809049,0.12538226299694188,0.154434250764526,0.3422209937491554,0.010158574039323616,0.32874842958021055,0.3532772817137022,0.1111111111111111,0.0,0.1111111111111111,0.1111111111111111
50,1_14_8,ai,14,100,3,14.0,0.0,14.0,14.0,300.0,0.0,300.0,300.0,208.33333333333334,0.4714045207910317,208.0,209.0,48203.666666666664,2390.026824582147,45177.0,51020.0,0.0,0.0,0.0,0.0,0.0,0.0,0.0,0.0,0.0,0.0,0.0,0.0,0.3201885935552582,0.0012330242414980768,0.31852986217457885,0.321483771251932,0.7731215741658174,0.002782277810283866,0.7697713613381245,0.7765837620627721,0.42857142857142855,0.0,0.42857142857142855,0.42857142857142855
50,1_14_8,control,1,300,3,1.0,0.0,1.0,1.0,300.0,0.0,300.0,300.0,339.0,0.0,339.0,339.0,0.0,0.0,0.0,0.0,150.0,0.0,150.0,150.0,0.0,0.0,0.0,0.0,0.0,0.0,0.0,0.0,0.5210125977490239,0.0021070362200259875,0.5191424196018377,0.5239567233384853,0.0,0.0,0.0,0.0,0.42857142857142855,0.0,0.42857142857142855,0.42857142857142855
50,1_14_8,logger,8,50,3,8.0,0.0,8.0,8.0,100.0,0.0,100.0,100.0,103.33333333333333,2.494438257849294,100.0,106.0,14141.333333333334,624.2100785971196,13266.0,14678.0,0.0,0.0,0.0,0.0,0.0,0.0,0.0,0.0,0.0,0.0,0.0,0.0,0.15879880869571797,0.0032108957265061266,0.1545595054095827,0.16232771822358347,0.2268784258341826,0.0027822778102838657,0.22341623793722792,0.23022863866187554,0.14285714285714285,0.0,0.14285714285714285,0.14285714285714285
50,1_25_9,ai,25,100,3,25.0,0.0,25.0,25.0,500.0,0.0,500.0,500.0,275.3333333333333,6.649979114420001,266.0,281.0,55255.333333333336,1285.8103368001916,53455.0,56377.0,0.0,0.0,0.0,0.0,0.0,0.0,0.0,0.0,0.0,0.0,0.0,0.0,0.42426565882851064,0.011098864310249692,0.40860215053763443,0.43297380585516176,0.7463768764328039,0.002957132511046184,0.7425590101691315,0.749763940792361,0.5263157894736842,0.0,0.5263157894736842,0.5263157894736842
50,1_25_9,control,1,300,3,1.0,0.0,1.0,1.0,300.0,0.0,300.0,300.0,323.6666666666667,6.128258770283412,316.0,331.0,0.0,0.0,0.0,0.0,150.0,0.0,150.0,150.0,1.0,0.816496580927726,0.0,2.0,0.006666666666666667,0.005443310539518174,0.0,0.013333333333333334,0.4986953872587444,0.008190216556270568,0.4884080370942813,0.5084485407066052,0.0,0.0,0.0,0.0,0.3157894736842105,0.0,0.3157894736842105,0.3157894736842105
50,1_25_9,logger,9,50,3,9.0,0.0,9.0,9.0,150.0,0.0,150.0,150.0,50.0,4.320493798938574,44.0,54.0,18777.0,518.8005397067354,18123.0,19392.0,0.0,0.0,0.0,0.0,0.0,0.0,0.0,0.0,0.0,0.0,0.0,0.0,0.07703895391274497,0.006619550897911457,0.06779661016949153,0.08294930875576037,0.25362312356719613,0.002957132511046184,0.25023605920763903,0.2574409898308685,0.15789473684210525,0.0,0.15789473684210525,0.15789473684210525
50,1_5_2,ai,5,100,3,5.0,0.0,5.0,5.0,200.0,0.0,200.0,200.0,234.66666666666666,13.274871834493252,222.0,253.0,44998.666666666664,1709.132593517022,42976.0,47156.0,0.0,0.0,0.0,0.0,0.0,0.0,0.0,0.0,0.0,0.0,0.0,0.0,0.35844791496447775,0.020192342885259066,0.33893129770992364,0.38625954198473283,0.81254618308643,0.010654099407399385,0.7985333641848957,0.8243479476959653,0.36363636363636365,0.0,0.36363636363636365,0.36363636363636365
50,1_5_2,control,1,300,3,1.0,0.0,1.0,1.0,300.0,0.0,300.0,300.0,348.3333333333333,5.557777333511022,343.0,356.0,0.0,0.0,0.0,0.0,150.0,0.0,150.0,150.0,0.0,0.0,0.0,0.0,0.0,0.0,0.0,0.0,0.5320836348639416,0.00886771000223315,0.5236641221374045,0.5443425076452599,0.0,0.0,0.0,0.0,0.5454545454545454,0.0,0.5454545454545454,0.5454545454545454
50,1_5_2,logger,2,50,3,2.0,0.0,2.0,2.0,50.0,0.0,50.0,50.0,71.66666666666667,14.007934259633796,56.0,90.0,10379.333333333334,673.9991757330931,9771.0,11319.0,0.0,0.0,0.0,0.0,0.0,0.0,0.0,0.0,0.0,0.0,0.0,0.0,0.10946845017158065,0.021376070357535644,0.08549618320610687,0.13740458015267176,0.18745381691356994,0.010654099407399363,0.1756520523040347,0.2014666358151042,0.09090909090909091,0.0,0.09090909090909091,0.09090909090909091
50,1_7_3,ai,7,100,3,7.0,0.0,7.0,7.0,200.0,0.0,200.0,200.0,230.66666666666666,9.46337971105226,220.0,243.0,44732.333333333336,4812.166271256868,38000.0,48960.0,0.0,0.0,0.0,0.0,0.0,0.0,0.0,0.0,0.0,0.0,0.0,0.0,0.3523340414439231,0.014255698940815093,0.3363914373088685,0.3709923664122137,0.8161156385691153,0.0027915591054185683,0.8136348064405619,0.8200156236437809,0.36363636363636365,0.0,0.36363636363636365,0.36363636363636365
50,1_7_3,control,1,300,3,1.0,0.0,1.0,1.0,300.0,0.0,300.0,300.0,348.3333333333333,3.681787005729087,344.0,353.0,0.0,0.0,0.0,0.0,150.0,0.0,150.0,150.0,0.0,0.0,0.0,0.0,0.0,0.0,0.0,0.0,0.5320813004334259,0.005971697855847362,0.5251908396946565,0.5397553516819572,0.0,0.0,0.0,0.0,0.5454545454545454,0.0,0.5454545454545454,0.5454545454545454
50,1_7_3,logger,3,50,3,3.0,0.0,3.0,3.0,50.0,0.0,50.0,50.0,75.66666666666667,5.557777333511022,68.0,81.0,10069.333333333334,1015.0721922876005,8704.0,11136.0,0.0,0.0,0.0,0.0,0.0,0.0,0.0,0.0,0.0,0.0,0.0,0.0,0.11558465812265098,0.008545891317604264,0.10381679389312977,0.12385321100917432,0.18388436143088469,0.0027915591054185943,0.17998437635621908,0.18636519355943817,0.09090909090909091,0.0,0.09090909090909091,0.09090909090909091
50,1_9_4,ai,9,100,3,9.0,0.0,9.0,9.0,300.0,0.0,300.0,300.0,247.0,16.51262143533445,232.0,270.0,42127.666666666664,3806.031820968162,37313.0,46619.0,0.0,0.0,0.0,0.0,0.0,0.0,0.0,0.0,0.0,0.0,0.0,0.0,0.3780495050124138,0.025072540426696373,0.3547400611620795,0.41284403669724773,0.7509665992519804,0.012953654390365402,0.7339840982445092,0.7654069452958783,0.42857142857142855,0.0,0.42857142857142855,0.42857142857142855
50,1_9_4,control,1,300,3,1.0,0.0,1.0,1.0,300.0,0.0,300.0,300.0,326.6666666666667,1.247219128924647,325.0,328.0,0.0,0.0,0.0,0.0,150.0,0.0,150.0,150.0,3.0,4.242640687119285,0.0,9.0,0.02,0.0282842712474619,0.0,0.06,0.5000015634478402,0.002163512430605866,0.4969418960244648,0.5015337423312883,0.0,0.0,0.0,0.0,0.42857142857142855,0.0,0.42857142857142855,0.42857142857142855
50,1_9_4,logger,4,50,3,4.0,0.0,4.0,4.0,100.0,0.0,100.0,100.0,79.66666666666667,17.326921891156037,56.0,97.0,14037.666666666666,2047.6911116886963,12206.0,16896.0,0.0,0.0,0.0,0.0,0.0,0.0,0.0,0.0,0.0,0.0,0.0,0.0,0.12194893153974597,0.026543546479707462,0.0856269113149847,0.14831804281345565,0.24903340074801963,0.012953654390365402,0.23459305470412173,0.26601590175549084,0.14285714285714285,0.0,0.14285714285714285,0.14285714285714285
75,1_14_8,ai,14,100,3,14.0,0.0,14.0,14.0,600.0,0.0,600.0,600.0,287.3333333333333,20.417857108151406,262.0,312.0,57469.0,4184.804177019518,52019.0,62192.0,0.0,0.0,0.0,0.0,0.0,0.0,0.0,0.0,0.0,0.0,0.0,0.0,0.43977689422144794,0.03097409246541866,0.4012251148545176,0.47706422018348627,0.733268124430239,0.003966652551932008,0.7277318448258978,0.7368196573703292,0.5454545454545454,0.0,0.5454545454545454,0.5454545454545454
75,1_14_8,control,1,300,3,1.0,0.0,1.0,1.0,300.0,0.0,300.0,300.0,297.3333333333333,18.116904322268255,277.0,321.0,0.0,0.0,0.0,0.0,150.0,0.0,150.0,150.0,6.333333333333333,6.342099196813483,0.0,15.0,0.042222222222222223,0.042280661312089886,0.0,0.1,0.4551181483406781,0.02798738567183754,0.4235474006116208,0.49157733537519144,0.0,0.0,0.0,0.0,0.2727272727272727,0.0,0.2727272727272727,0.2727272727272727
75,1_14_8,logger,8,50,3,8.0,0.0,8.0,8.0,200.0,0.0,200.0,200.0,68.66666666666667,2.6246692913372702,65.0,71.0,20877.0,1124.8522865988523,19462.0,22214.0,0.0,0.0,0.0,0.0,0.0,0.0,0.0,0.0,0.0,0.0,0.0,0.0,0.10510495743787397,0.004090292702279768,0.09938837920489296,0.10872894333843798,0.2667318755697609,0.003966652551932,0.2631803426296709,0.2722681551741022,0.18181818181818182,0.0,0.18181818181818182,0.18181818181818182
75,1_25_9,ai,25,100,3,25.0,0.0,25.0,25.0,1100.0,0.0,1100.0,1100.0,377.0,18.708286933869708,352.0,397.0,75557.66666666667,593.8048688097987,74724.0,76062.0,0.0,0.0,0.0,0.0,0.0,0.0,0.0,0.0,0.0,0.0,0.0,0.0,0.5796317121987241,0.027289595847574614,0.5432098765432098,0.6088957055214724,0.8205883018238546,0.007494219010858199,0.8112210002931183,0.8295655786090644,0.6666666666666666,0.0,0.6666666666666666,0.6666666666666666
75,1_25_9,control,1,300,3,1.0,0.0,1.0,1.0,300.0,0.0,300.0,300.0,182.66666666666666,8.806563209081938,175.0,195.0,0.0,0.0,0.0,0.0,150.0,0.0,150.0,150.0,8.0,1.632993161855452,6.0,10.0,0.05333333333333334,0.010886621079036346,0.04,0.06666666666666667,0.2809164217321088,0.014251829791238292,0.26881720430107525,0.30092592592592593,0.0,0.0,0.0,0.0,0.18181818181818182,0.0,0.18181818181818182,0.18181818181818182
75,1_25_9,logger,9,50,3,9.0,0.0,9.0,9.0,250.0,0.0,250.0,250.0,90.66666666666667,10.077477638553983,77.0,101.0,16522.0,735.4241406607936,15591.0,17389.0,0.0,0.0,0.0,0.0,0.0,0.0,0.0,0.0,0.0,0.0,0.0,0.0,0.13945186606916712,0.0158088856419364,0.11809815950920245,0.1558641975308642,0.17941169817614547,0.0074942190108582335,0.17043442139093554,0.18877899970688178,0.15151515151515152,0.0,0.15151515151515152,0.15151515151515152
75,1_5_2,ai,5,100,3,5.0,0.0,5.0,5.0,300.0,0.0,300.0,300.0,263.3333333333333,3.0912061651652345,259.0,266.0,53024.0,1044.1995339333698,51707.0,54261.0,0.0,0.0,0.0,0.0,0.0,0.0,0.0,0.0,0.0,0.0,0.0,0.0,0.4022418314385539,0.0048380959642420965,0.39541984732824426,0.40610687022900765,0.8611334394444118,0.002530279469625281,0.857737670653418,0.8638085838003057,0.46153846153846156,0.0,0.46153846153846156,0.46153846153846156
75,1_5_2,control,1,300,3,1.0,0.0,1.0,1.0,300.0,0.0,300.0,300.0,341.3333333333333,4.9216076867444665,335.0,347.0,0.0,0.0,0.0,0.0,150.0,0.0,150.0,150.0,0.0,0.0,0.0,0.0,0.0,0.0,0.0,0.0,0.521385717954105,0.007559242149816133,0.5114503816793893,0.5297709923664122,0.0,0.0,0.0,0.0,0.46153846153846156,0.0,0.46153846153846156,0.46153846153846156
75,1_5_2,logger,2,50,3,2.0,0.0,2.0,2.0,50.0,0.0,50.0,50.0,50.0,2.943920288775949,47.0,54.0,8547.666666666666,26.637484032009397,8512.0,8576.0,0.0,0.0,0.0,0.0,0.0,0.0,0.0,0.0,0.0,0.0,0.0,0.0,0.076372450607341,0.004457409631042896,0.07186544342507645,0.08244274809160305,0.13886656055558816,0.0025302794696252487,0.13619141619969435,0.14226232934658195,0.07692307692307693,0.0,0.07692307692307693,0.07692307692307693
75,1_7_3,ai,7,100,3,7.0,0.0,7.0,7.0,300.0,0.0,300.0,300.0,272.3333333333333,2.6246692913372702,270.0,276.0,51843.333333333336,2424.866227696328,48469.0,54060.0,0.0,0.0,0.0,0.0,0.0,0.0,0.0,0.0,0.0,0.0,0.0,0.0,0.4157760814249364,0.004007128689064528,0.4122137404580153,0.4213740458015267,0.8602036464631447,0.0037850936804485016,0.8560841198454424,0.8652235662863019,0.46153846153846156,0.0,0.46153846153846156,0.46153846153846156
75,1_7_3,control,1,300,3,1.0,0.0,1.0,1.0,300.0,0.0,300.0,300.0,334.6666666666667,2.6246692913372702,331.0,337.0,0.0,0.0,0.0,0.0,150.0,0.0,150.0,150.0,0.0,0.0,0.0,0.0,0.0,0.0,0.0,0.0,0.510941475826972,0.004007128689064528,0.5053435114503817,0.5145038167938931,0.0,0.0,0.0,0.0,0.46153846153846156,0.0,0.46153846153846156,0.46153846153846156
75,1_7_3,logger,3,50,3,3.0,0.0,3.0,3.0,50.0,0.0,50.0,50.0,48.0,4.546060565661952,42.0,53.0,8426.666666666666,485.5384182076178,7936.0,9088.0,0.0,0.0,0.0,0.0,0.0,0.0,0.0,0.0,0.0,0.0,0.0,0.0,0.0732824427480916,0.006940550481926643,0.06412213740458016,0.08091603053435115,0.1397963535368552,0.0037850936804485202,0.13477643371369802,0.14391588015455756,0.07692307692307693,0.0,0.07692307692307693,0.07692307692307693
75,1_9_4,ai,9,100,3,9.0,0.0,9.0,9.0,500.0,0.0,500.0,500.0,278.0,6.377042156569663,273.0,287.0,57121.666666666664,2983.656853966659,53293.0,60572.0,0.0,0.0,0.0,0.0,0.0,0.0,0.0,0.0,0.0,0.0,0.0,0.0,0.4252895364139165,0.009587038803948398,0.41807044410413474,0.43883792048929665,0.836445150904803,0.004487679691836602,0.8320786856420682,0.8426170411244802,0.5555555555555556,0.0,0.5555555555555556,0.5555555555555556
75,1_9_4,control,1,300,3,1.0,0.0,1.0,1.0,300.0,0.0,300.0,300.0,314.3333333333333,5.734883511361751,307.0,321.0,0.0,0.0,0.0,0.0,150.0,0.0,150.0,150.0,7.333333333333333,10.370899457402697,0.0,22.0,0.04888888888888889,0.06913932971601798,0.0,0.14666666666666667,0.48087787409478405,0.008804338559286064,0.4694189602446483,0.4908256880733945,0.0,0.0,0.0,0.0,0.3333333333333333,0.0,0.3333333333333333,0.3333333333333333
75,1_9_4,logger,4,50,3,4.0,0.0,4.0,4.0,100.0,0.0,100.0,100.0,61.333333333333336,2.6246692913372702,59.0,65.0,11190.0,937.6666074179386,9954.0,12224.0,0.0,0.0,0.0,0.0,0.0,0.0,0.0,0.0,0.0,0.0,0.0,0.0,0.09383258949129947,0.004084146851074972,0.09021406727828746,0.0995405819295559,0.16355484909519705,0.00448767969183659,0.15738295887551979,0.16792131435793176,0.1111111111111111,0.0,0.1111111111111111,0.1111111111111111
100,1_14_8,ai,14,100,3,14.0,0.0,14.0,14.0,1400.0,0.0,1400.0,1400.0,394.0,8.286535263104035,383.0,403.0,68971.33333333333,5148.721286774891,61691.0,72719.0,0.0,0.0,0.0,0.0,0.0,0.0,0.0,0.0,0.0,0.0,0.0,0.0,0.6036477691523563,0.011091375473016802,0.5892307692307692,0.6162079510703364,0.7662561599484563,0.0019106502041939236,0.7639657713217174,0.7686429122580781,0.6666666666666666,0.0,0.6666666666666666,0.6666666666666666
100,1_14_8,control,1,300,3,1.0,0.0,1.0,1.0,300.0,0.0,300.0,300.0,164.0,4.898979485566356,158.0,170.0,0.0,0.0,0.0,0.0,144.66666666666666,7.542472332656507,134.0,150.0,112.66666666666667,13.719410418171119,98.0,131.0,0.7858706467661691,0.13884760753798916,0.6533333333333333,0.9776119402985075,0.2512977338665412,0.008152561040126807,0.2415902140672783,0.26153846153846155,0.0,0.0,0.0,0.0,0.14285714285714285,0.0,0.14285714285714285,0.14285714285714285
100,1_14_8,logger,8,50,3,8.0,0.0,8.0,8.0,400.0,0.0,400.0,400.0,94.66666666666667,1.699673171197595,93.0,97.0,21025.666666666668,1393.414112490931,19060.0,22129.0,0.0,0.0,0.0,0.0,0.0,0.0,0.0,0.0,0.0,0.0,0.0,0.0,0.14505449698110248,0.0030183259623866956,0.14220183486238533,0.14923076923076922,0.23374384005154372,0.0019106502041939346,0.23135708774192185,0.2360342286782826,0.19047619047619047,0.0,0.19047619047619047,0.19047619047619047
100,1_25_9,ai,25,100,3,25.0,0.0,25.0,25.0,2500.0,0.0,2500.0,2500.0,447.3333333333333,7.760297817881877,438.0,457.0,86361.0,1799.2094560296937,84785.0,88879.0,0.0,0.0,0.0,0.0,0.0,0.0,0.0,0.0,0.0,0.0,0.0,0.0,0.6881934939108701,0.010967661862956687,0.6769706336939721,0.703076923076923,0.8527094158095864,0.003809413241251472,0.8473331267926565,0.8556960250040071,0.7692307692307693,0.0,0.7692307692307693,0.7692307692307693
100,1_25_9,control,1,300,3,1.0,0.0,1.0,1.0,300.0,0.0,300.0,300.0,114.0,2.160246899469287,111.0,116.0,0.0,0.0,0.0,0.0,100.66666666666667,0.4714045207910317,100.0,101.0,100.33333333333333,0.9428090415820634,99.0,101.0,0.9966666666666667,0.004714045207910321,0.99,1.0,0.1753847719651015,0.003263944960074764,0.17076923076923076,0.1777434312210201,0.0,0.0,0.0,0.0,0.09230769230769231,0.0,0.09230769230769231,0.09230769230769231
100,1_25_9,logger,9,50,3,9.0,0.0,9.0,9.0,450.0,0.0,450.0,450.0,88.66666666666667,4.988876515698588,82.0,94.0,14914.0,370.46547297510284,14405.0,15276.0,0.0,0.0,0.0,0.0,0.0,0.0,0.0,0.0,0.0,0.0,0.0,0.0,0.13642173412402836,0.00787345581187501,0.12615384615384614,0.14528593508500773,0.1472905841904137,0.0038094132412514635,0.14430397499599296,0.1526668732073435,0.13846153846153847,0.0,0.13846153846153847,0.13846153846153847
100,1_5_2,ai,5,100,3,5.0,0.0,5.0,5.0,500.0,0.0,500.0,500.0,281.3333333333333,5.557777333511022,276.0,289.0,59167.666666666664,5015.765566912216,52484.0,64567.0,0.0,0.0,0.0,0.0,0.0,0.0,0.0,0.0,0.0,0.0,0.0,0.0,0.42996699515643205,0.009107618587611183,0.4213740458015267,0.442572741194487,0.8306192304532404,0.0013296817729054908,0.8296097052203986,0.8324979379480998,0.5555555555555556,0.0,0.5555555555555556,0.5555555555555556
100,1_5_2,control,1,300,3,1.0,0.0,1.0,1.0,300.0,0.0,300.0,300.0,320.0,4.898979485566356,314.0,326.0,0.0,0.0,0.0,0.0,150.0,0.0,150.0,150.0,10.666666666666666,15.084944665313014,0.0,32.0,0.07111111111111111,0.10056629776875343,0.0,0.21333333333333335,0.4890390407942984,0.006888638915235632,0.48085758039816234,0.49770992366412214,0.0,0.0,0.0,0.0,0.3333333333333333,0.0,0.3333333333333333,0.3333333333333333
100,1_5_2,logger,2,50,3,2.0,0.0,2.0,2.0,100.0,0.0,100.0,100.0,53.0,4.242640687119285,50.0,59.0,12074.666666666666,1123.6005616865018,10560.0,13248.0,0.0,0.0,0.0,0.0,0.0,0.0,0.0,0.0,0.0,0.0,0.0,0.0,0.08099396404926956,0.006422915962826499,0.07633587786259542,0.0900763358778626,0.16938076954675965,0.0013296817729054715,0.16750206205190027,0.17039029477960146,0.1111111111111111,0.0,0.1111111111111111,0.1111111111111111
100,1_7_3,ai,7,100,3,7.0,0.0,7.0,7.0,700.0,0.0,700.0,700.0,307.3333333333333,20.07209228976613,284.0,333.0,63888.0,8804.63608939442,51553.0,71528.0,0.0,0.0,0.0,0.0,0.0,0.0,0.0,0.0,0.0,0.0,0.0,0.0,0.46941119067153975,0.03003121891386527,0.43425076452599387,0.5076219512195121,0.8217359464967001,0.0035049443190464484,0.8173026618260222,0.8258725998452817,0.6086956521739131,0.0,0.6086956521739131,0.6086956521739131
100,1_7_3,control,1,300,3,1.0,0.0,1.0,1.0,300.0,0.0,300.0,300.0,282.0,20.83266665599966,256.0,307.0,0.0,0.0,0.0,0.0,150.0,0.0,150.0,150.0,18.333333333333332,23.809428571238094,1.0,52.0,0.12222222222222223,0.15872952380825398,0.006666666666666667,0.3466666666666667,0.43079485840729964,0.03235178531665471,0.3902439024390244,0.4694189602446483,0.0,0.0,0.0,0.0,0.2608695652173913,0.0,0.2608695652173913,0.2608695652173913
100,1_7_3,logger,3,50,3,3.0,0.0,3.0,3.0,150.0,0.0,150.0,150.0,65.33333333333333,1.699673171197595,63.0,67.0,13817.666666666666,1624.6542880119314,11524.0,15081.0,0.0,0.0,0.0,0.0,0.0,0.0,0.0,0.0,0.0,0.0,0.0,0.0,0.09979395092116058,0.002499051274893563,0.0963302752293578,0.10213414634146341,0.17826405350329994,0.003504944319046439,0.17412740015471834,0.18269733817397785,0.13043478260869565,0.0,0.13043478260869565,0.13043478260869565
100,1_9_4,ai,9,100,3,9.0,0.0,9.0,9.0,900.0,0.0,900.0,900.0,339.3333333333333,11.671427600007732,327.0,355.0,68594.33333333333,3295.869165418366,64072.0,71833.0,0.0,0.0,0.0,0.0,0.0,0.0,0.0,0.0,0.0,0.0,0.0,0.0,0.5173230213103002,0.019067340543343126,0.4969604863221885,0.5428134556574924,0.8194067304779481,0.002032186695237565,0.8170260516953367,0.8219913261394455,0.6428571428571429,0.0,0.6428571428571429,0.6428571428571429
100,1_9_4,control,1,300,3,1.0,0.0,1.0,1.0,300.0,0.0,300.0,300.0,238.0,11.224972160321824,223.0,250.0,0.0,0.0,0.0,0.0,150.0,0.0,150.0,150.0,9.0,8.48528137423857,3.0,21.0,0.060000000000000005,0.05656854249492381,0.02,0.14,0.3627652839263676,0.01623659669437715,0.3409785932721712,0.3799392097264438,0.0,0.0,0.0,0.0,0.21428571428571427,0.0,0.21428571428571427,0.21428571428571427
100,1_9_4,logger,4,50,3,4.0,0.0,4.0,4.0,200.0,0.0,200.0,200.0,78.66666666666667,2.0548046676563256,76.0,81.0,15109.0,540.1783656040537,14349.0,15556.0,0.0,0.0,0.0,0.0,0.0,0.0,0.0,0.0,0.0,0.0,0.0,0.0,0.11991169476333229,0.002837270369893808,0.1162079510703364,0.12310030395136778,0.1805932695220519,0.002032186695237564,0.17800867386055452,0.1829739483046633,0.14285714285714285,0.0,0.14285714285714285,0.14285714285714285
